{
	"credit": "Made by LiteHorizon using Blockbench",
	"texture_size": [64, 64],
	"textures": {
		"0": "custom:item/creeper",
		"particle": "custom:item/creeper"
	},
	"elements": [
		{
			"name": "body",
			"from": [4, 6, 6],
			"to": [12, 18, 10],
			"rotation": {"angle": 0, "axis": "y", "origin": [8, 0, 8]},
			"faces": {
				"north": {"uv": [1, 5, 3, 8], "texture": "#0"},
				"east": {"uv": [0, 5, 1, 8], "texture": "#0"},
				"south": {"uv": [4, 5, 6, 8], "texture": "#0"},
				"west": {"uv": [3, 5, 4, 8], "texture": "#0"},
				"up": {"uv": [3, 5, 1, 4], "texture": "#0"},
				"down": {"uv": [5, 4, 3, 5], "texture": "#0"}
			}
		},
		{
			"name": "head",
			"from": [4, 18, 4],
			"to": [12, 26, 12],
			"rotation": {"angle": 0, "axis": "y", "origin": [8, 0, 8]},
			"faces": {
				"north": {"uv": [2, 2, 4, 4], "texture": "#0"},
				"east": {"uv": [0, 2, 2, 4], "texture": "#0"},
				"south": {"uv": [6, 2, 8, 4], "texture": "#0"},
				"west": {"uv": [4, 2, 6, 4], "texture": "#0"},
				"up": {"uv": [4, 2, 2, 0], "texture": "#0"},
				"down": {"uv": [6, 0, 4, 2], "texture": "#0"}
			}
		},
		{
			"name": "leg0",
			"from": [4, 0, 10],
			"to": [8, 6, 14],
			"rotation": {"angle": 0, "axis": "y", "origin": [8, 0, 8]},
			"faces": {
				"north": {"uv": [9, 1, 10, 2.5], "texture": "#0"},
				"east": {"uv": [8, 1, 9, 2.5], "texture": "#0"},
				"south": {"uv": [11, 1, 12, 2.5], "texture": "#0"},
				"west": {"uv": [10, 1, 11, 2.5], "texture": "#0"},
				"up": {"uv": [10, 1, 9, 0], "texture": "#0"},
				"down": {"uv": [11, 0, 10, 1], "texture": "#0"}
			}
		},
		{
			"name": "leg1",
			"from": [8, 0, 10],
			"to": [12, 6, 14],
			"rotation": {"angle": 0, "axis": "y", "origin": [8, 0, 8]},
			"faces": {
				"north": {"uv": [1, 9, 2, 10.5], "texture": "#0"},
				"east": {"uv": [0, 9, 1, 10.5], "texture": "#0"},
				"south": {"uv": [3, 9, 4, 10.5], "texture": "#0"},
				"west": {"uv": [2, 9, 3, 10.5], "texture": "#0"},
				"up": {"uv": [2, 9, 1, 8], "texture": "#0"},
				"down": {"uv": [3, 8, 2, 9], "texture": "#0"}
			}
		},
		{
			"name": "leg2",
			"from": [4, 0, 2],
			"to": [8, 6, 6],
			"rotation": {"angle": 0, "axis": "y", "origin": [8, 0, 8]},
			"faces": {
				"north": {"uv": [7, 7.5, 8, 9], "texture": "#0"},
				"east": {"uv": [6, 7.5, 7, 9], "texture": "#0"},
				"south": {"uv": [9, 7.5, 10, 9], "texture": "#0"},
				"west": {"uv": [8, 7.5, 9, 9], "texture": "#0"},
				"up": {"uv": [8, 7.5, 7, 6.5], "texture": "#0"},
				"down": {"uv": [9, 6.5, 8, 7.5], "texture": "#0"}
			}
		},
		{
			"name": "leg3",
			"from": [8, 0, 2],
			"to": [12, 6, 6],
			"rotation": {"angle": 0, "axis": "y", "origin": [8, 0, 8]},
			"faces": {
				"north": {"uv": [7, 5, 8, 6.5], "texture": "#0"},
				"east": {"uv": [6, 5, 7, 6.5], "texture": "#0"},
				"south": {"uv": [9, 5, 10, 6.5], "texture": "#0"},
				"west": {"uv": [8, 5, 9, 6.5], "texture": "#0"},
				"up": {"uv": [8, 5, 7, 4], "texture": "#0"},
				"down": {"uv": [9, 4, 8, 5], "texture": "#0"}
			}
		}
	],
	"display": {
		"thirdperson_righthand": {
			"rotation": [44, 0, 0],
			"scale": [0.2, 0.2, 0.2]
		},
		"thirdperson_lefthand": {
			"rotation": [44, 0, 0],
			"scale": [0.2, 0.2, 0.2]
		},
		"firstperson_righthand": {
			"translation": [2.5, 0, 0],
			"scale": [0.2, 0.2, 0.2]
		},
		"firstperson_lefthand": {
			"translation": [2.5, 0, 0],
			"scale": [0.2, 0.2, 0.2]
		},
		"ground": {
			"translation": [0, -2.25, 0],
			"scale": [0.2, 0.2, 0.2]
		},
		"gui": {
			"rotation": [0, -180, 0],
			"translation": [0, -2.25, 0],
			"scale": [0.4, 0.4, 0.4]
		},
		"head": {
			"translation": [0, -30.5, 0],
			"scale": [1.8, 1.8, 1.8]
		},
		"fixed": {
			"scale": [0.3, 0.3, 0.3]
		}
	},
	"groups": [
		{
			"name": "creeper",
			"origin": [0, 0, 0],
			"color": 0,
			"shade": false,
			"children": [0, 1, 2, 3, 4, 5]
		}
	]
}