item,custom_model_data,model
minecraft:item/apple,1,custom:item/apple_on_a_stick
minecraft:item/bread,1,custom:item/chocolate_apple
minecraft:item/carved_pumpkin,1,custom:item/scarhat
,2,custom:item/tango_plushie
,3,custom:item/bug_glasses
,4,custom:item/aviator_helmet
,5,custom:item/aviator_helmet_top
,6,custom:item/tiny_tree
,7,custom:item/creeper_walk_animation
,8,custom:item/creeper_exploding_animation
,9,custom:item/creeper_animated
,10,custom:item/creeper
,11,custom:item/impulse_hat_3
,12,custom:item/keralis_old_head
,13,custom:item/grianhat
,14,custom:item/grianspecialhat
,15,custom:item/mumbohat
,16,custom:item/pearlhat
,17,custom:item/minipumpkindude
,18,custom:item/pumpkinantenna
,19,custom:item/scarhatmini
,20,custom:item/scarhatpumpkin
minecraft:item/cookie,1,custom:item/candy_corn
,10,custom:item/ibar
,444451,custom:item/idimpy_bar
minecraft:item/golden_apple,1,custom:item/catfood1
minecraft:item/golden_carrot,1,custom:item/toffee_apple
minecraft:item/iron_nugget,1,custom:item/level_wood
,2,custom:item/level_bronze
,3,custom:item/level_silver
,4,custom:item/level_gold
,5,custom:item/level_omega
,6,custom:item/gold_derpcoin
,7,custom:item/copper_derpcoin
,8,custom:item/iron_derpcoin
,9,custom:item/brass_derpcoin
,10,custom:item/diamond_derpcoin
,11,custom:item/stridercoin
,12,custom:item/stridercoin
,13,custom:item/dirtcoin
,14,custom:item/derpcard
,15,custom:item/derpkey
minecraft:item/painting,1,custom:item/scar_for_mayor
,2,custom:item/boomers
,3,custom:item/night_sky
,4,custom:item/bedrock
minecraft:item/petrified_oak_slab,1,custom:item/derpcoin_block
minecraft:item/pumpkin_pie,1,custom:item/purple_pie
minecraft:item/rotten_flesh,12,custom:item/i_rotten
minecraft:item/totem_of_undying,1,custom:item/wither_totem
minecraft:item/writable_book,1,custom:item/clipboard_1
,2,custom:item/clipboard_2
,3,custom:item/clipboard_3
,4,custom:item/book/dark_book_writable
,5,custom:item/book/diamond_book_writable
,6,custom:item/book/magic_book_writable
,7,custom:item/book/nature_book_writable
,8,custom:item/book/redstone_book_writable
minecraft:item/written_book,4,custom:item/book/dark_book_written
,5,custom:item/book/diamond_book_written
,6,custom:item/book/magic_book_written
,7,custom:item/book/nature_book_written
,8,custom:item/book/redstone_book_written
